{"loss": [0.5011792182922363, 0.4732881486415863, 0.45943766832351685, 0.4486975371837616, 0.44060105085372925, 0.4330587685108185, 0.4268782138824463, 0.4217495024204254, 0.41607654094696045, 0.41076841950416565, 0.4097695052623749, 0.40717843174934387, 0.4019525647163391, 0.39890626072883606, 0.39609625935554504, 0.393326997756958, 0.39114445447921753, 0.3876834511756897, 0.38544750213623047, 0.3845881521701813, 0.38337549567222595, 0.38049060106277466, 0.37806829810142517, 0.37670114636421204, 0.377265602350235, 0.37250861525535583, 0.3730817437171936, 0.37157121300697327, 0.3681202232837677, 0.36880210041999817, 0.36474090814590454, 0.3647572100162506, 0.36373212933540344, 0.36065006256103516, 0.36256542801856995, 0.3623107373714447, 0.357098788022995, 0.35726067423820496], "accuracy": [0.7491932511329651, 0.7743291258811951, 0.7821841239929199, 0.788935124874115, 0.7930111885070801, 0.79810631275177, 0.800399124622345, 0.804814875125885, 0.8077870011329651, 0.80833899974823, 0.8088909387588501, 0.8122028112411499, 0.8147503137588501, 0.8150051236152649, 0.8140285611152649, 0.816024124622345, 0.8205248117446899, 0.82056725025177, 0.8230723738670349, 0.821161687374115, 0.8206096887588501, 0.8251953125, 0.82566237449646, 0.824813187122345, 0.825577437877655, 0.8283373117446899, 0.8301630616188049, 0.829483687877655, 0.831436812877655, 0.83249831199646, 0.8325832486152649, 0.831394374370575, 0.8341966867446899, 0.835555374622345, 0.8337720632553101, 0.83203125, 0.836064875125885, 0.8349184989929199], "precision": [0.5819180011749268, 0.6141214966773987, 0.6251513957977295, 0.6352661848068237, 0.642490565776825, 0.649774968624115, 0.6543527841567993, 0.6603190302848816, 0.6640406847000122, 0.6663973331451416, 0.6677125692367554, 0.6736572980880737, 0.6756206750869751, 0.6773565411567688, 0.6757309436798096, 0.6790263056755066, 0.6859452724456787, 0.6850783228874207, 0.6890155673027039, 0.6868906617164612, 0.6859923601150513, 0.6919883489608765, 0.6947799324989319, 0.6910013556480408, 0.6933750510215759, 0.6973340511322021, 0.6998113989830017, 0.6984226703643799, 0.701677143573761, 0.7041139006614685, 0.7026885747909546, 0.7022731900215149, 0.7059009075164795, 0.7074221968650818, 0.7050352096557617, 0.7014831900596619, 0.708048403263092, 0.7069165110588074], "recall": [0.8678520917892456, 0.8611999750137329, 0.8585134744644165, 0.8549315333366394, 0.8486825227737427, 0.8496865630149841, 0.8451010584831238, 0.8476897478103638, 0.851861298084259, 0.8449225425720215, 0.8441458940505981, 0.842287003993988, 0.849648118019104, 0.8455045223236084, 0.8454847931861877, 0.8455045223236084, 0.8468329906463623, 0.8503453731536865, 0.8507997393608093, 0.8473643660545349, 0.8475313186645508, 0.8530126810073853, 0.8464491367340088, 0.8538707494735718, 0.8504158854484558, 0.8531593680381775, 0.8547478914260864, 0.8555342555046082, 0.8562291860580444, 0.8541266918182373, 0.8591711521148682, 0.8538707494735718, 0.8581841588020325, 0.8605960011482239, 0.858111560344696, 0.859483003616333, 0.8610542416572571, 0.8588054776191711], "true_positives": [6784.0, 6732.0, 6711.0, 6683.0, 6635.0, 6642.0, 6607.0, 6623.0, 6659.0, 6598.0, 6597.0, 6585.0, 6640.0, 6611.0, 6610.0, 6611.0, 6618.0, 6648.0, 6649.0, 6623.0, 6626.0, 6668.0, 6615.0, 6673.0, 6646.0, 6670.0, 6679.0, 6686.0, 6694.0, 6675.0, 6717.0, 6673.0, 6711.0, 6729.0, 6707.0, 6716.0, 6730.0, 6715.0], "true_negatives": [10861.0, 11505.0, 11711.0, 11898.0, 12042.0, 12155.0, 12244.0, 12332.0, 12366.0, 12440.0, 12454.0, 12544.0, 12549.0, 12584.0, 12562.0, 12608.0, 12707.0, 12678.0, 12736.0, 12717.0, 12701.0, 12767.0, 12831.0, 12753.0, 12798.0, 12839.0, 12873.0, 12850.0, 12888.0, 12932.0, 12892.0, 12908.0, 12936.0, 12950.0, 12930.0, 12880.0, 12961.0, 12949.0], "false_negatives": [1033.0, 1085.0, 1106.0, 1134.0, 1183.0, 1175.0, 1211.0, 1190.0, 1158.0, 1211.0, 1218.0, 1233.0, 1175.0, 1208.0, 1208.0, 1208.0, 1197.0, 1170.0, 1166.0, 1193.0, 1192.0, 1149.0, 1200.0, 1142.0, 1169.0, 1148.0, 1135.0, 1129.0, 1124.0, 1140.0, 1101.0, 1142.0, 1109.0, 1090.0, 1109.0, 1098.0, 1086.0, 1104.0], "false_positives": [4874.0, 4230.0, 4024.0, 3837.0, 3692.0, 3580.0, 3490.0, 3407.0, 3369.0, 3303.0, 3283.0, 3190.0, 3188.0, 3149.0, 3172.0, 3125.0, 3030.0, 3056.0, 3001.0, 3019.0, 3033.0, 2968.0, 2906.0, 2984.0, 2939.0, 2895.0, 2865.0, 2887.0, 2846.0, 2805.0, 2842.0, 2829.0, 2796.0, 2783.0, 2806.0, 2858.0, 2775.0, 2784.0], "val_loss": [0.5509003400802612, 0.5416764616966248, 0.4785091280937195, 0.5006148219108582, 0.6019479036331177, 0.49713486433029175, 0.48716163635253906, 0.39530596137046814, 0.5046399235725403, 0.5798867344856262, 0.45954835414886475, 0.48745298385620117, 0.545221209526062, 0.378589004278183, 0.5466283559799194, 0.43743881583213806, 0.4026848077774048, 0.37124428153038025, 0.4900772273540497, 0.48243653774261475, 0.3763813078403473, 0.5371613502502441, 0.5461724996566772, 0.3733559250831604, 0.5178311467170715, 0.40764328837394714, 0.46497872471809387, 0.49409615993499756, 0.49395713210105896, 0.53218013048172, 0.4005979001522064, 0.39664891362190247, 0.6032383441925049, 0.5367555022239685, 0.385300874710083, 0.3821965157985687, 0.4887925088405609, 0.5346024632453918], "val_accuracy": [0.7330729365348816, 0.7242588400840759, 0.78125, 0.7502003312110901, 0.6833934187889099, 0.7537059187889099, 0.7624198794364929, 0.825120210647583, 0.7552083134651184, 0.7165464758872986, 0.7823517918586731, 0.764723539352417, 0.7362780570983887, 0.8287259340286255, 0.7358773946762085, 0.7887620329856873, 0.8099960088729858, 0.8346354365348816, 0.7696313858032227, 0.7672275900840759, 0.828125, 0.7450921535491943, 0.7438902258872986, 0.8304286599159241, 0.7566105723381042, 0.8158053159713745, 0.7819511294364929, 0.7669270634651184, 0.7663261294364929, 0.7536057829856873, 0.8180088400840759, 0.8171073794364929, 0.7276642918586731, 0.7482972741127014, 0.8232171535491943, 0.8260216116905212, 0.7719351053237915, 0.7476963400840759], "val_precision": [0.5605806708335876, 0.5502788424491882, 0.6248337030410767, 0.5788153409957886, 0.5123496651649475, 0.5823836326599121, 0.593428373336792, 0.762972891330719, 0.5845974087715149, 0.5417972803115845, 0.6218112111091614, 0.5953848958015442, 0.5618406534194946, 0.7436440587043762, 0.5611853003501892, 0.6314074993133545, 0.6714975833892822, 0.7714658975601196, 0.6024869680404663, 0.5981437563896179, 0.7170119881629944, 0.570846438407898, 0.5696503520011902, 0.7663366198539734, 0.5845475196838379, 0.8272807598114014, 0.6177079081535339, 0.5975226163864136, 0.5964567065238953, 0.581593930721283, 0.8171355724334717, 0.6828182935714722, 0.5524881482124329, 0.5753886699676514, 0.6995884776115417, 0.704451322555542, 0.6059234738349915, 0.5728083252906799], "val_recall": [0.9083232879638672, 0.9236111044883728, 0.8513595461845398, 0.9060706496238708, 0.9517053961753845, 0.9103260636329651, 0.9041013121604919, 0.6870666146278381, 0.907060980796814, 0.9398791790008545, 0.881289541721344, 0.9047762751579285, 0.9323875904083252, 0.7400602698326111, 0.9280096888542175, 0.8758662343025208, 0.8381067514419556, 0.7130355834960938, 0.9042745232582092, 0.9128993153572083, 0.7950423359870911, 0.931117832660675, 0.9379144310951233, 0.7021469473838806, 0.9205917716026306, 0.5631594657897949, 0.9007541537284851, 0.9156372547149658, 0.914578914642334, 0.9231927990913391, 0.5800302624702454, 0.8357034921646118, 0.9475271701812744, 0.9258589744567871, 0.8200181126594543, 0.8206210136413574, 0.8908376097679138, 0.9336966276168823], "val_true_positives": [3012.0, 3059.0, 2818.0, 3000.0, 3153.0, 3015.0, 2998.0, 2279.0, 3006.0, 3111.0, 2925.0, 2993.0, 3089.0, 2457.0, 3068.0, 2907.0, 2780.0, 2363.0, 3004.0, 3029.0, 2630.0, 3082.0, 3112.0, 2322.0, 3049.0, 1868.0, 2986.0, 3039.0, 3030.0, 3065.0, 1917.0, 2762.0, 3142.0, 3072.0, 2720.0, 2722.0, 2946.0, 3084.0],